[
  {
    "keyword": "Feature",
    "name": "Login",
    "line": 1,
    "id": "login",
    "tags": [],
    "uri": "e2e\\src\\features\\01_login.feature",
    "elements": [
      {
        "id": "login;verify-mandatory-fields-on-login-page",
        "keyword": "Scenario",
        "line": 4,
        "name": "Verify mandatory fields on Login Page",
        "tags": [],
        "type": "scenario",
        "steps": [
          {
            "keyword": "Before",
            "hidden": true,
            "match": {
              "location": "e2e\\src\\steps_definitions\\agentdetails.steps.ts:16"
            },
            "result": {
              "status": "passed"
            }
          },
          {
            "keyword": "Before",
            "hidden": true,
            "match": {
              "location": "e2e\\src\\steps_definitions\\keydates.steps.ts:17"
            },
            "result": {
              "status": "passed"
            }
          },
          {
            "keyword": "Before",
            "hidden": true,
            "match": {
              "location": "e2e\\src\\steps_definitions\\login.steps.ts:14"
            },
            "result": {
              "status": "passed"
            }
          },
          {
            "keyword": "Before",
            "hidden": true,
            "match": {
              "location": "e2e\\src\\steps_definitions\\quoterequest-tab.steps.ts:31"
            },
            "result": {
              "status": "passed"
            }
          },
          {
            "keyword": "Before",
            "hidden": true,
            "match": {
              "location": "e2e\\src\\steps_definitions\\quoteresponse.steps.ts:24"
            },
            "result": {
              "status": "passed"
            }
          },
          {
            "keyword": "Before",
            "hidden": true,
            "match": {
              "location": "e2e\\src\\steps_definitions\\settings.steps.ts:16"
            },
            "result": {
              "status": "passed"
            }
          },
          {
            "keyword": "Before",
            "hidden": true,
            "match": {
              "location": "e2e\\src\\steps_definitions\\sort.steps.ts:31"
            },
            "result": {
              "status": "passed"
            }
          },
          {
            "keyword": "Before",
            "hidden": true,
            "match": {
              "location": "e2e\\src\\steps_definitions\\workorders-tab.steps.ts:24"
            },
            "result": {
              "status": "passed"
            }
          },
          {
            "arguments": [],
            "keyword": "Then ",
            "line": 5,
            "name": "The user verifies mandatory error messages for username and password",
            "match": {
              "location": "e2e\\src\\steps_definitions\\login.steps.ts:20"
            },
            "result": {
              "status": "passed",
              "duration": 34231000000
            }
          },
          {
            "keyword": "After",
            "hidden": true,
            "match": {
              "location": "e2e\\src\\support\\setup.ts:22"
            },
            "result": {
              "status": "passed",
              "duration": 1000000
            }
          },
          {
            "keyword": "After",
            "hidden": true,
            "match": {
              "location": "node_modules\\protractor-cucumber-framework\\lib\\resultsCapturer.js:27"
            },
            "result": {
              "status": "passed",
              "duration": 3670000000
            }
          }
        ]
      },
      {
        "id": "login;verify-a-user-without-valid-roles-is-not-able-to-login",
        "keyword": "Scenario",
        "line": 7,
        "name": "Verify a user without valid roles is not able to login",
        "tags": [],
        "type": "scenario",
        "steps": [
          {
            "keyword": "Before",
            "hidden": true,
            "match": {
              "location": "e2e\\src\\steps_definitions\\agentdetails.steps.ts:16"
            },
            "result": {
              "status": "passed"
            }
          },
          {
            "keyword": "Before",
            "hidden": true,
            "match": {
              "location": "e2e\\src\\steps_definitions\\keydates.steps.ts:17"
            },
            "result": {
              "status": "passed",
              "duration": 1000000
            }
          },
          {
            "keyword": "Before",
            "hidden": true,
            "match": {
              "location": "e2e\\src\\steps_definitions\\login.steps.ts:14"
            },
            "result": {
              "status": "passed"
            }
          },
          {
            "keyword": "Before",
            "hidden": true,
            "match": {
              "location": "e2e\\src\\steps_definitions\\quoterequest-tab.steps.ts:31"
            },
            "result": {
              "status": "passed"
            }
          },
          {
            "keyword": "Before",
            "hidden": true,
            "match": {
              "location": "e2e\\src\\steps_definitions\\quoteresponse.steps.ts:24"
            },
            "result": {
              "status": "passed"
            }
          },
          {
            "keyword": "Before",
            "hidden": true,
            "match": {
              "location": "e2e\\src\\steps_definitions\\settings.steps.ts:16"
            },
            "result": {
              "status": "passed"
            }
          },
          {
            "keyword": "Before",
            "hidden": true,
            "match": {
              "location": "e2e\\src\\steps_definitions\\sort.steps.ts:31"
            },
            "result": {
              "status": "passed"
            }
          },
          {
            "keyword": "Before",
            "hidden": true,
            "match": {
              "location": "e2e\\src\\steps_definitions\\workorders-tab.steps.ts:24"
            },
            "result": {
              "status": "passed"
            }
          },
          {
            "arguments": [],
            "keyword": "Then ",
            "line": 8,
            "name": "The user verifies redirection to login page if login credentials do not have valid role",
            "match": {
              "location": "e2e\\src\\steps_definitions\\login.steps.ts:26"
            },
            "result": {
              "status": "passed",
              "duration": 40265000000
            }
          },
          {
            "keyword": "After",
            "hidden": true,
            "match": {
              "location": "e2e\\src\\support\\setup.ts:22"
            },
            "result": {
              "status": "passed",
              "duration": 1000000
            }
          },
          {
            "keyword": "After",
            "hidden": true,
            "match": {
              "location": "node_modules\\protractor-cucumber-framework\\lib\\resultsCapturer.js:27"
            },
            "result": {
              "status": "passed",
              "duration": 3359000000
            }
          }
        ]
      },
      {
        "id": "login;to-verify-whether-terms-of-use-privacy-statement-contact-us-links-are-present",
        "keyword": "Scenario",
        "line": 11,
        "name": "To verify whether Terms of Use Privacy Statement Contact Us links are present",
        "tags": [],
        "type": "scenario",
        "steps": [
          {
            "keyword": "Before",
            "hidden": true,
            "match": {
              "location": "e2e\\src\\steps_definitions\\agentdetails.steps.ts:16"
            },
            "result": {
              "status": "passed"
            }
          },
          {
            "keyword": "Before",
            "hidden": true,
            "match": {
              "location": "e2e\\src\\steps_definitions\\keydates.steps.ts:17"
            },
            "result": {
              "status": "passed",
              "duration": 1000000
            }
          },
          {
            "keyword": "Before",
            "hidden": true,
            "match": {
              "location": "e2e\\src\\steps_definitions\\login.steps.ts:14"
            },
            "result": {
              "status": "passed"
            }
          },
          {
            "keyword": "Before",
            "hidden": true,
            "match": {
              "location": "e2e\\src\\steps_definitions\\quoterequest-tab.steps.ts:31"
            },
            "result": {
              "status": "passed"
            }
          },
          {
            "keyword": "Before",
            "hidden": true,
            "match": {
              "location": "e2e\\src\\steps_definitions\\quoteresponse.steps.ts:24"
            },
            "result": {
              "status": "passed"
            }
          },
          {
            "keyword": "Before",
            "hidden": true,
            "match": {
              "location": "e2e\\src\\steps_definitions\\settings.steps.ts:16"
            },
            "result": {
              "status": "passed"
            }
          },
          {
            "keyword": "Before",
            "hidden": true,
            "match": {
              "location": "e2e\\src\\steps_definitions\\sort.steps.ts:31"
            },
            "result": {
              "status": "passed"
            }
          },
          {
            "keyword": "Before",
            "hidden": true,
            "match": {
              "location": "e2e\\src\\steps_definitions\\workorders-tab.steps.ts:24"
            },
            "result": {
              "status": "passed"
            }
          },
          {
            "arguments": [],
            "keyword": "Given ",
            "line": 12,
            "name": "The user navigates to homepage",
            "match": {
              "location": "e2e\\src\\steps_definitions\\quoterequest-tab.steps.ts:40"
            },
            "result": {
              "status": "passed",
              "duration": 26867000000
            }
          },
          {
            "arguments": [],
            "keyword": "When ",
            "line": 13,
            "name": "The size is set to desktop view",
            "match": {
              "location": "e2e\\src\\steps_definitions\\quoterequest-tab.steps.ts:53"
            },
            "result": {
              "status": "passed",
              "duration": 2139000000
            }
          },
          {
            "arguments": [],
            "keyword": "Then ",
            "line": 14,
            "name": "User verifies whether the Quote Request Tab is shown",
            "match": {
              "location": "e2e\\src\\steps_definitions\\quoterequest-tab.steps.ts:62"
            },
            "result": {
              "status": "passed",
              "duration": 102000000
            }
          },
          {
            "arguments": [],
            "keyword": "Then ",
            "line": 15,
            "name": "User verifies \"Terms of Use\" link is shown in footer",
            "match": {
              "location": "e2e\\src\\steps_definitions\\login.steps.ts:31"
            },
            "result": {
              "status": "passed",
              "duration": 77000000
            }
          },
          {
            "arguments": [],
            "keyword": "Then ",
            "line": 16,
            "name": "User verifies \"Privacy Statement\" link is shown in footer",
            "match": {
              "location": "e2e\\src\\steps_definitions\\login.steps.ts:31"
            },
            "result": {
              "status": "passed",
              "duration": 103000000
            }
          },
          {
            "arguments": [],
            "keyword": "Then ",
            "line": 17,
            "name": "User verifies \"Contact Us\" link is shown in footer",
            "match": {
              "location": "e2e\\src\\steps_definitions\\login.steps.ts:31"
            },
            "result": {
              "status": "passed",
              "duration": 54000000
            }
          },
          {
            "arguments": [],
            "keyword": "And ",
            "line": 18,
            "name": "User logs out of the application",
            "match": {
              "location": "e2e\\src\\steps_definitions\\quoterequest-tab.steps.ts:512"
            },
            "result": {
              "status": "passed",
              "duration": 1047000000
            }
          },
          {
            "keyword": "After",
            "hidden": true,
            "match": {
              "location": "e2e\\src\\support\\setup.ts:22"
            },
            "result": {
              "status": "passed",
              "duration": 1000000
            }
          },
          {
            "keyword": "After",
            "hidden": true,
            "match": {
              "location": "node_modules\\protractor-cucumber-framework\\lib\\resultsCapturer.js:27"
            },
            "result": {
              "status": "passed",
              "duration": 3479000000
            }
          }
        ]
      }
    ],
    "metadata": {
      "browser": {
        "name": "chrome",
        "version": "83.0.4103.116"
      },
      "device": "",
      "platform": {
        "name": "",
        "version": ""
      }
    }
  }
]
